Workbook

Sheet Dashboard
A1: Portfolio Dashboard
A3: Portfolio Summary
A4: Total Portfolio Value | B4: =Holdings!H57
A5: Total Unrealized G/L | B5: =Holdings!I57
A6: Total Cost Basis | B6: =B4-B5
A8: By Account
A9: Account | B9: Market Value | C9: % of Portfolio
A10: Robinhood | B10: =SUMPRODUCT((Holdings!A4:A55=A10)*(Holdings!H4:H55)) | C10: =IF(B$4=0,0,B10/B$4)
A11: Fidelity | B11: =SUMPRODUCT((Holdings!A4:A55=A11)*(Holdings!H4:H55)) | C11: =IF(B$4=0,0,B11/B$4)
A13: By Asset Type
A14: Asset Type | B14: Market Value | C14: % of Portfolio
A15: Crypto | B15: =SUMPRODUCT((Holdings!B4:B55=A15)*(Holdings!H4:H55)) | C15: =IF(B$4=0,0,B15/B$4)
A16: Stock | B16: =SUMPRODUCT((Holdings!B4:B55=A16)*(Holdings!H4:H55)) | C16: =IF(B$4=0,0,B16/B$4)
A17: ETF | B17: =SUMPRODUCT((Holdings!B4:B55=A17)*(Holdings!H4:H55)) | C17: =IF(B$4=0,0,B17/B$4)
A18: Options | B18: =SUMPRODUCT((Holdings!B4:B55=A18)*(Holdings!H4:H55)) | C18: =IF(B$4=0,0,B18/B$4)
A20: How to Use This Workbook
A21: 1. Add new holdings in the Holdings sheet (blue text = your input)
A22: 2. Update Current Price column regularly to see latest values
A23: 3. Log every buy/sell in the Trade Log sheet
A24: 4. Dashboard formulas update automatically
A25: 5. Account: Robinhood or Fidelity | Asset Type: Crypto, Stock, ETF, or Options
A28: By Industry
A29: Industry | B29: Market Value | C29: % of Portfolio
A30: Cryptocurrency | B30: =SUMPRODUCT((Holdings!L4:L55=A30)*(Holdings!H4:H55)) | C30: =IF(B$4=0,0,B30/B$4)
A31: Banking | B31: =SUMPRODUCT((Holdings!L4:L55=A31)*(Holdings!H4:H55)) | C31: =IF(B$4=0,0,B31/B$4)
A32: Semiconductors | B32: =SUMPRODUCT((Holdings!L4:L55=A32)*(Holdings!H4:H55)) | C32: =IF(B$4=0,0,B32/B$4)
A33: Energy | B33: =SUMPRODUCT((Holdings!L4:L55=A33)*(Holdings!H4:H55)) | C33: =IF(B$4=0,0,B33/B$4)
A34: Healthcare | B34: =SUMPRODUCT((Holdings!L4:L55=A34)*(Holdings!H4:H55)) | C34: =IF(B$4=0,0,B34/B$4)
A35: Consumer | B35: =SUMPRODUCT((Holdings!L4:L55=A35)*(Holdings!H4:H55)) | C35: =IF(B$4=0,0,B35/B$4)
A36: Real Estate | B36: =SUMPRODUCT((Holdings!L4:L55=A36)*(Holdings!H4:H55)) | C36: =IF(B$4=0,0,B36/B$4)
A37: Utilities | B37: =SUMPRODUCT((Holdings!L4:L55=A37)*(Holdings!H4:H55)) | C37: =IF(B$4=0,0,B37/B$4)

Sheet Holdings
A1: Portfolio Holdings
A3: Account | B3: Asset Type | C3: Ticker | D3: Name | E3: Quantity | F3: Avg Cost | G3: Current Price | H3: Market Value | I3: Unrealized G/L | J3: G/L % | K3: Allocation % | L3: Industry
A4: Robinhood | B4: Crypto | C4: ETH | D4: Ethereum | E4: 0.054683 | F4: 2079.33 | G4: 2062.21 | H4: =E4*G4 | I4: =(G4-F4)*E4 | J4: =IF(F4=0,0,(G4-F4)/F4) | K4: =IF(H4=0,0,IF(H$57=0,0,H4/H$57)) | L4: Cryptocurrency
A5: Robinhood | B5: Crypto | C5: BTC | D5: Bitcoin | E5: 0.002148 | F5: 69645.24 | G5: 68795 | H5: =E5*G5 | I5: =(G5-F5)*E5 | J5: =IF(F5=0,0,(G5-F5)/F5) | K5: =IF(H5=0,0,IF(H$57=0,0,H5/H$57)) | L5: Cryptocurrency
A6: Fidelity | B6: Stock | C6: BAC | D6: Bank of America | E6: 0.57 | F6: 48.11 | G6: 48.24 | H6: =IF(E6="",0,E6*G6) | I6: =IF(E6="",0,(G6-F6)*E6) | J6: =IF(E6="",0,IF(F6=0,0,(G6-F6)/F6)) | K6: =IF(H6=0,0,IF(H$57=0,0,H6/H$57)) | L6: Banking
A7: Fidelity | B7: Stock | C7: NVDA | D7: NVIDIA | E7: 2 | F7: 174.57 | G7: 171.24 | H7: =IF(E7="",0,E7*G7) | I7: =IF(E7="",0,(G7-F7)*E7) | J7: =IF(E7="",0,IF(F7=0,0,(G7-F7)/F7)) | K7: =IF(H7=0,0,IF(H$57=0,0,H7/H$57)) | L7: Semiconductors
A8: Fidelity | B8: ETF | C8: XLE | D8: Energy Select Sector | E8: 2 | F8: 61.72 | G8: 61.52 | H8: =IF(E8="",0,E8*G8) | I8: =IF(E8="",0,(G8-F8)*E8) | J8: =IF(E8="",0,IF(F8=0,0,(G8-F8)/F8)) | K8: =IF(H8=0,0,IF(H$57=0,0,H8/H$57)) | L8: Energy
A9: Robinhood | B9: Crypto | C9: SOL | D9: Solana | E9: 1.0033 | F9: 86.71 | G9: 86.43 | H9: =IF(E9="",0,E9*G9) | I9: =IF(E9="",0,(G9-F9)*E9) | J9: =IF(E9="",0,IF(F9=0,0,(G9-F9)/F9)) | K9: =IF(H9=0,0,IF(H$57=0,0,H9/H$57)) | L9: Cryptocurrency
H10: =IF(E10="",0,E10*G10) | I10: =IF(E10="",0,(G10-F10)*E10) | J10: =IF(E10="",0,IF(F10=0,0,(G10-F10)/F10)) | K10: =IF(H10=0,0,IF(H$57=0,0,H10/H$57))
H11: =IF(E11="",0,E11*G11) | I11: =IF(E11="",0,(G11-F11)*E11) | J11: =IF(E11="",0,IF(F11=0,0,(G11-F11)/F11)) | K11: =IF(H11=0,0,IF(H$57=0,0,H11/H$57))
H12: =IF(E12="",0,E12*G12) | I12: =IF(E12="",0,(G12-F12)*E12) | J12: =IF(E12="",0,IF(F12=0,0,(G12-F12)/F12)) | K12: =IF(H12=0,0,IF(H$57=0,0,H12/H$57))
H13: =IF(E13="",0,E13*G13) | I13: =IF(E13="",0,(G13-F13)*E13) | J13: =IF(E13="",0,IF(F13=0,0,(G13-F13)/F13)) | K13: =IF(H13=0,0,IF(H$57=0,0,H13/H$57))
H14: =IF(E14="",0,E14*G14) | I14: =IF(E14="",0,(G14-F14)*E14) | J14: =IF(E14="",0,IF(F14=0,0,(G14-F14)/F14)) | K14: =IF(H14=0,0,IF(H$57=0,0,H14/H$57))
H15: =IF(E15="",0,E15*G15) | I15: =IF(E15="",0,(G15-F15)*E15) | J15: =IF(E15="",0,IF(F15=0,0,(G15-F15)/F15)) | K15: =IF(H15=0,0,IF(H$57=0,0,H15/H$57))
H16: =IF(E16="",0,E16*G16) | I16: =IF(E16="",0,(G16-F16)*E16) | J16: =IF(E16="",0,IF(F16=0,0,(G16-F16)/F16)) | K16: =IF(H16=0,0,IF(H$57=0,0,H16/H$57))
H17: =IF(E17="",0,E17*G17) | I17: =IF(E17="",0,(G17-F17)*E17) | J17: =IF(E17="",0,IF(F17=0,0,(G17-F17)/F17)) | K17: =IF(H17=0,0,IF(H$57=0,0,H17/H$57))
H18: =IF(E18="",0,E18*G18) | I18: =IF(E18="",0,(G18-F18)*E18) | J18: =IF(E18="",0,IF(F18=0,0,(G18-F18)/F18)) | K18: =IF(H18=0,0,IF(H$57=0,0,H18/H$57))
H19: =IF(E19="",0,E19*G19) | I19: =IF(E19="",0,(G19-F19)*E19) | J19: =IF(E19="",0,IF(F19=0,0,(G19-F19)/F19)) | K19: =IF(H19=0,0,IF(H$57=0,0,H19/H$57))
H20: =IF(E20="",0,E20*G20) | I20: =IF(E20="",0,(G20-F20)*E20) | J20: =IF(E20="",0,IF(F20=0,0,(G20-F20)/F20)) | K20: =IF(H20=0,0,IF(H$57=0,0,H20/H$57))
H21: =IF(E21="",0,E21*G21) | I21: =IF(E21="",0,(G21-F21)*E21) | J21: =IF(E21="",0,IF(F21=0,0,(G21-F21)/F21)) | K21: =IF(H21=0,0,IF(H$57=0,0,H21/H$57))
... H55: =IF(E55="",0,E55*G55) | I55: =IF(E55="",0,(G55-F55)*E55) | J55: =IF(E55="",0,IF(F55=0,0,(G55-F55)/F55)) | K55: =IF(H55=0,0,IF(H$57=0,0,H55/H$57))
A57: TOTAL | H57: =SUM(H4:H55) | I57: =SUM(I4:I55) | K57: =SUM(K4:K55)

Sheet Trade Log
A1: Trade Log
A2: Log each buy/sell here. Update the Holdings sheet accordingly.
A4: Date | B4: Account | C4: Asset Type | D4: Ticker | E4: Action | F4: Quantity | G4: Price per Unit | H4: Total Cost
A5: 46107 | B5: Fidelity | C5: Stock | D5: NVDA | E5: Buy | F5: 2 | G5: 174.57 | H5: =IF(F5="","",F5*G5)
A6: 46107 | B6: Fidelity | C6: Stock | D6: BAC | E6: Buy | F6: 0.57 | G6: 48.11 | H6: =IF(F6="","",F6*G6)
A7: 46107 | B7: Fidelity | C7: ETF | D7: XLE | E7: Buy | F7: 2 | G7: 123.43 | H7: =IF(F7="","",F7*G7)
A8: 46107 | B8: Robinhood | C8: Crypto | D8: SOL | E8: Buy | F8: 1.0033 | G8: 86.71 | H8: =IF(F8="","",F8*G8)
A9: 46108 | B9: Robinhood | C9: Crypto | D9: BTC | E9: Buy | F9: 0.00144965 | G9: 69594.97 | H9: =IF(F9="","",F9*G9)
A10: 46109 | B10: Robinhood | C10: Crypto | D10: ETH | E10: Buy | F10: 0.030515 | G10: 2064.26 | H10: =IF(F10="","",F10*G10)
H11: =IF(F11="","",F11*G11)
H12: =IF(F12="","",F12*G12)
H13: =IF(F13="","",F13*G13)
H14: =IF(F14="","",F14*G14)
H15: =IF(F15="","",F15*G15)
H16: =IF(F16="","",F16*G16)
H17: =IF(F17="","",F17*G17)
H18: =IF(F18="","",F18*G18)
H19: =IF(F19="","",F19*G19)
H20: =IF(F20="","",F20*G20)
H21: =IF(F21="","",F21*G21)
H22: =IF(F22="","",F22*G22)
... H204: =IF(F204="","",F204*G204)
